Nom,Date de migration,Terminé,DOE à jour
1.0,,Non,Non
2.0,,Non,Non
2.1,01/04/2026,Non,Non
3.0,21/09/2026,Non,Non
3.1,14/09/2026,Non,Non
4.0,,Non,Non
5.0,18/05/2026,Non,Non
6.0,02/09/2026,Non,Non
6.1,31/08/2026,Non,Non
7.0,09/09/2026,Non,Non
7.1,07/09/2026,Non,Non
8.0,,Oui,Non
9.0,,Oui,Non
10.0,,Oui,Non
10.1,,Oui,Non
10.2,,Oui,Non
10.3,,Oui,Non
11.0,,Oui,Non
11.1,,Oui,Non
11.2,,Oui,Non
11.3,,Oui,Non
12.0,,Oui,Non
12.1,,Oui,Non
12.2,,Oui,Non
12.3,,Oui,Non
13.0,26/10/2026,Non,Non
13.1,14/10/2026,Non,Non
13.2,12/10/2026,Non,Non
14.0,07/10/2026,Non,Non
14.1,05/10/2026,Non,Non
14.2,30/09/2026,Non,Non
15.0,,Oui,Non
15.1,,Oui,Non
16.0,,Oui,Non
17.0,20/04/2026,Oui,Non
17.1,15/04/2026,Oui,Non
17.2,13/04/2026,Oui,Non
18.0,29/04/2026,Oui,Non
18.1,27/04/2026,Oui,Non
18.2,22/04/2026,Oui,Non
19.0,15/07/2026,Non,Non
19.1,08/07/2026,Non,Non
19.2,06/07/2026,Non,Non
20.0,29/07/2026,Non,Non
20.1,27/07/2026,Non,Non
20.2,22/07/2026,Non,Non
29.0,22/06/2026,Non,Non
30.0,01/06/2026,Non,Non
31,19/10/2026,Non,Non
30.B,,Oui,Non
30.C,,Oui,Non
40.0,,Oui,Non
50.0,23/09/2026,Non,Non
51.0,28/09/2026,Non,Non
52.0,19/10/2026,Non,Non